,name,firstName,secondName,age,email,data
0,Iovita Lovespirit ,Iovita,Lovespirit,30,,gqp;hPahrUeHfpFTEiFLWZ@aol.com;gqp
1,Aquila Bongodream  ,Aquila,Bongodream,35,,gOT;rHZEMNlaxWFOV@stud.uni-heidelberg.de;gOT
2,Agrippa Crystalnik ,Agrippa,Crystalnik,95,,dqf;KZEBHCxpQQuAkijYmTo@aol.com;dqf
3,Aquila Lifefields ,Aquila,Lifefields,34,,Evi;cTHjsfCzEglpiamN@gmx.de;Evi
4,Iovita Flowerquest ,Iovita,Flowerquest,32,,vJP;pKTxTLNXPvOpLvDtfwI@aol.com;vJP
5,Metztli Neil  ,Metztli,Neil,69,,Cvt;WcxkCmiUplV@gmx.de;Cvt
6,Xquenda Moonflight ,Xquenda,Moonflight,122,,HAt;tadhbmgFZPfgMbOH@gmail.com;HAt
7,Isi MacFarlane ,Isi,MacFarlane,144,,CMM;pPdIhfukEYq@stud.uni-heidelberg.de;CMM
8,Isi Spacebeat ,Isi,Spacebeat,106,,cvP;gbvHMfzFFEMAJ@stud.uni-heidelberg.de;cvP
9,Citlali Riverquest ,Citlali,Riverquest,111,,NXm;EBpHXkuJqOi@gmail.com;NXm
10,Storm Schofield  ,Storm,Schofield,132,,SPn;tYAwhFjEzHyaJ@stud.uni-heidelberg.de;SPn
11,Braidy Head  ,Braidy,Head,84,,idg;czTjHskIPwQDliaXo@aol.com;idg
12,Franny Meier  ,Franny,Meier,23,,ZAI;CdeKKBPa@aol.com;ZAI
13,Ashley Meisner  ,Ashley,Meisner,88,,wFH;GbGEoElhAzPGBLr@gmail.com;wFH
14,Rorie Blakeslee  ,Rorie,Blakeslee,74,,QDU;zJDlRmZzoJLZvp@gmx.de;QDU
15,Jayden Tennyson  ,Jayden,Tennyson,45,,znF;mJOYTKvPDdRJXxiHdp@stud.uni-heidelberg.de;znF
16,Katleho Fuchs ,Katleho,Fuchs,74,,GGu;KkfwbhvWXFWBhJZwHX@stud.uni-heidelberg.de;GGu
17,Codie Van Wieren ,Codie,Van,60,,UTB;XFendqGAB@gmail.com;UTB
18,Gerry Krawczyk  ,Gerry,Krawczyk,119,,QBq;zjzUVXTYQlvmM@aol.com;QBq
19,Lakshmi Deasmhumhain  ,Lakshmi,Deasmhumhain,139,,HRY;lAptLaIsGKYTyp@gmx.de;HRY
